{"train_losses": [0.37253665173037487, 0.30420752190931344, 0.2691549784506523, 0.2403834172310226, 0.21635995799608493, 0.19685061569309223, 0.17514031959648715, 0.1590132136909938, 0.14240944149422788, 0.12497297926540199], "val_losses": [0.33605296458321365, 0.31290778936194963, 0.24474385925049594, 0.23673750266928847, 0.32427871264242175, 0.2385834009914747, 0.22587259479570546, 0.3041246529418411, 0.3033876121254106, 0.35098221336978497]}