{"train_losses": [0.37859322048428246, 0.3164163913899911, 0.2741602588239657, 0.23434000710183525, 0.19193310662333687, 0.1504708113209549, 0.11883225372399123, 0.09491894148910686, 0.07933619587854991, 0.06702069007245441], "val_losses": [0.3496639563256862, 0.29479484528374256, 0.3013596329793593, 0.29732930148891284, 0.31301225064329335, 0.3568623812181572, 0.37942344561962493, 0.44598503875645734, 0.44882151639376183, 0.5064931548609543]}